{
  "accuracy": 0.9953800620804157,
  "precision": 0.9890959154406278,
  "recall": 0.9904838040700552,
  "f1": 0.9897884661561882,
  "confusion_matrix": [
    [
      1769,
      29
    ],
    [
      35,
      12020
    ]
  ],
  "classification_report_text": "              precision    recall  f1-score   support\n\n benigno (0)     0.9806    0.9839    0.9822      1798\n  ataque (1)     0.9976    0.9971    0.9973     12055\n\n    accuracy                         0.9954     13853\n   macro avg     0.9891    0.9905    0.9898     13853\nweighted avg     0.9954    0.9954    0.9954     13853\n"
}