{
  "accuracy": 0.9968959792102794,
  "precision": 0.994404376934137,
  "recall": 0.9918280323452622,
  "f1": 0.9931114499035748,
  "roc_auc": 0.9999235059555088,
  "confusion_matrix": [
    [
      1771,
      27
    ],
    [
      16,
      12039
    ]
  ],
  "classification_report_text": "              precision    recall  f1-score   support\n\n  benign (0)     0.9910    0.9850    0.9880      1798\n  attack (1)     0.9978    0.9987    0.9982     12055\n\n    accuracy                         0.9969     13853\n   macro avg     0.9944    0.9918    0.9931     13853\nweighted avg     0.9969    0.9969    0.9969     13853\n",
  "feature_importances": {
    "flow_duration": 0.15332576828919398,
    "down_up_ratio": 0.023814826458718134,
    "fwd_header_size_min": 0.005368963644288174,
    "fwd_header_size_max": 0.010310318600291121,
    "bwd_header_size_min": 0.005509312903905964,
    "bwd_header_size_max": 0.006298457997121892,
    "flow_FIN_flag_count": 0.0005605185774238326,
    "flow_SYN_flag_count": 0.00879798671457786,
    "flow_RST_flag_count": 0.00039839895387255067,
    "fwd_PSH_flag_count": 0.013339694712411589,
    "bwd_PSH_flag_count": 0.017550435452872378,
    "flow_ACK_flag_count": 0.014125424350301256,
    "fwd_URG_flag_count": 0.0,
    "bwd_URG_flag_count": 0.0,
    "flow_CWR_flag_count": 0.0006196135442652192,
    "flow_ECE_flag_count": 0.0005553248965692885,
    "fwd_subflow_bytes": 0.047876255434208884,
    "bwd_subflow_bytes": 0.07482933762686532,
    "fwd_bulk_bytes": 8.2557998535233e-05,
    "bwd_bulk_bytes": 0.00047511013549613053,
    "fwd_bulk_rate": 0.00016785239239796386,
    "bwd_bulk_rate": 0.00020719387416361912,
    "comm_incoherent": 0.0002716046904110464,
    "intensity_pca_1": 0.1470100246623739,
    "intensity_pca_2": 0.1312564568172771,
    "intensity_pca_3": 0.024922350247264385,
    "intensity_pca_4": 0.0038133119286898345,
    "payload_pca_1": 0.05134656629814199,
    "payload_pca_2": 0.0363387434879813,
    "payload_pca_3": 0.012226970419786138,
    "traffic_pca_1": 0.09476145181852673,
    "traffic_pca_2": 0.025736675430238387,
    "tcp_semantics_incoherent": 7.808897043782846e-05,
    "tcp_pca_1": 0.03143955282855262,
    "tcp_pca_2": 0.0013329225999705301,
    "rate_ratio_log": 0.0019341547911851608,
    "proto__udp": 0.0006679541257585274,
    "proto__tcp": 0.0005318490228432001,
    "proto__unknown": 4.797035809676802e-05,
    "service__http": 0.0005837643114824935,
    "service__mqtt": 0.0021984899158727696,
    "service__https": 0.00019344262161320348,
    "service__dns": 0.0004761155223441995,
    "service__unknown": 0.04861818657367145
  }
}